{
  "id": "son-of-stephen",
  "name": "son-of-stephen",
  "title": "Son of Stephen",
  "description": "",
  "version": "1.0.0",
  "minimumCoreVersion": "0.0.0",
  "compatibleCoreVersion": "1.0.0",
  "scripts": [],
  "esmodules": [],
  "styles": [],
  "packs": [],
  "languages": [],
  "authors": [],
  "keywords": [],
  "socket": false,
  "url": "",
  "manifest": "",
  "download": "",
  "license": "",
  "readme": "",
  "bugs": "",
  "changelog": "",
  "background": "",
  "system": "pf2e",
  "coreVersion": "11.313",
  "systemVersion": "5.7.2",
  "nextSession": null,
  "compatibility": {
    "minimum": "11.313",
    "verified": "11"
  }
}
