{
  "title": "Aefen'Fel: A Mad Season(D&D5e)",
  "id": "aefenfeldandd5e",
  "system": "dnd5e",
  "background": "https://assets.forge-vtt.com/63d172b145f3446cd6e46079/worldmaps/crypt-of-the-godkiller.jpg",
  "coreVersion": "11.315",
  "compatibility": {
    "minimum": "11",
    "verified": "11.315"
  },
  "systemVersion": "2.4.1",
  "packs": [
    {
      "type": "Item",
      "label": "DDB Backgrounds",
      "name": "ddb-aefenfeldandd5e-ddb-backgrounds",
      "path": "packs/ddb-aefenfeldandd5e-ddb-backgrounds",
      "system": "dnd5e",
      "flags": {},
      "ownership": {
        "PLAYER": "OBSERVER",
        "ASSISTANT": "OWNER"
      }
    },
    {
      "type": "Item",
      "label": "DDB Classes",
      "name": "ddb-aefenfeldandd5e-ddb-classes",
      "path": "packs/ddb-aefenfeldandd5e-ddb-classes",
      "system": "dnd5e",
      "flags": {},
      "ownership": {
        "PLAYER": "OBSERVER",
        "ASSISTANT": "OWNER"
      }
    },
    {
      "type": "Item",
      "label": "DDB Subclasses",
      "name": "ddb-aefenfeldandd5e-ddb-subclasses",
      "path": "packs/ddb-aefenfeldandd5e-ddb-subclasses",
      "system": "dnd5e",
      "flags": {},
      "ownership": {
        "PLAYER": "OBSERVER",
        "ASSISTANT": "OWNER"
      }
    },
    {
      "type": "Item",
      "label": "DDB Class Features",
      "name": "ddb-aefenfeldandd5e-ddb-class-features",
      "path": "packs/ddb-aefenfeldandd5e-ddb-class-features",
      "system": "dnd5e",
      "flags": {},
      "ownership": {
        "PLAYER": "OBSERVER",
        "ASSISTANT": "OWNER"
      }
    },
    {
      "type": "Item",
      "label": "DDB Feats",
      "name": "ddb-aefenfeldandd5e-ddb-feats",
      "path": "packs/ddb-aefenfeldandd5e-ddb-feats",
      "system": "dnd5e",
      "flags": {},
      "ownership": {
        "PLAYER": "OBSERVER",
        "ASSISTANT": "OWNER"
      }
    },
    {
      "type": "Item",
      "label": "DDB Items",
      "name": "ddb-aefenfeldandd5e-ddb-items",
      "path": "packs/ddb-aefenfeldandd5e-ddb-items",
      "system": "dnd5e",
      "flags": {},
      "ownership": {
        "PLAYER": "OBSERVER",
        "ASSISTANT": "OWNER"
      }
    },
    {
      "type": "Actor",
      "label": "DDB Monsters",
      "name": "ddb-aefenfeldandd5e-ddb-monsters",
      "path": "packs/ddb-aefenfeldandd5e-ddb-monsters",
      "system": "dnd5e",
      "flags": {},
      "ownership": {
        "PLAYER": "OBSERVER",
        "ASSISTANT": "OWNER"
      }
    },
    {
      "type": "Actor",
      "label": "DDB Vehicles",
      "name": "ddb-aefenfeldandd5e-ddb-vehicles",
      "path": "packs/ddb-aefenfeldandd5e-ddb-vehicles",
      "system": "dnd5e",
      "flags": {},
      "ownership": {
        "PLAYER": "OBSERVER",
        "ASSISTANT": "OWNER"
      }
    },
    {
      "type": "Item",
      "label": "DDB Races",
      "name": "ddb-aefenfeldandd5e-ddb-races",
      "path": "packs/ddb-aefenfeldandd5e-ddb-races",
      "system": "dnd5e",
      "flags": {},
      "ownership": {
        "PLAYER": "OBSERVER",
        "ASSISTANT": "OWNER"
      }
    },
    {
      "type": "Item",
      "label": "DDB Racial Traits",
      "name": "ddb-aefenfeldandd5e-ddb-racial-traits",
      "path": "packs/ddb-aefenfeldandd5e-ddb-racial-traits",
      "system": "dnd5e",
      "flags": {},
      "ownership": {
        "PLAYER": "OBSERVER",
        "ASSISTANT": "OWNER"
      }
    },
    {
      "type": "Item",
      "label": "DDB Spells",
      "name": "ddb-aefenfeldandd5e-ddb-spells",
      "path": "packs/ddb-aefenfeldandd5e-ddb-spells",
      "system": "dnd5e",
      "flags": {},
      "ownership": {
        "PLAYER": "OBSERVER",
        "ASSISTANT": "OWNER"
      }
    },
    {
      "type": "RollTable",
      "label": "DDB Tables",
      "name": "ddb-aefenfeldandd5e-ddb-tables",
      "path": "packs/ddb-aefenfeldandd5e-ddb-tables",
      "system": "dnd5e",
      "flags": {},
      "ownership": {
        "PLAYER": "OBSERVER",
        "ASSISTANT": "OWNER"
      }
    },
    {
      "type": "Item",
      "label": "DDB Override",
      "name": "ddb-aefenfeldandd5e-ddb-override",
      "path": "packs/ddb-aefenfeldandd5e-ddb-override",
      "system": "dnd5e",
      "flags": {},
      "ownership": {
        "PLAYER": "OBSERVER",
        "ASSISTANT": "OWNER"
      }
    },
    {
      "type": "Adventure",
      "label": "DDB Adventures",
      "name": "ddb-aefenfeldandd5e-ddb-adventures",
      "path": "packs/ddb-aefenfeldandd5e-ddb-adventures",
      "system": "dnd5e",
      "flags": {},
      "ownership": {
        "PLAYER": "OBSERVER",
        "ASSISTANT": "OWNER"
      }
    }
  ],
  "lastPlayed": "Wed Dec 27 2023 06:30:35 GMT+0000 (Coordinated Universal Time)",
  "playtime": 84838,
  "safeMode": false,
  "description": "<p>Aefen’Fel is a world divided: Elves have retreated from the rest of the races, and with the rise of The Hegemony, human influence grows. Humans and many of the other races seem poised for war, as tensions continue to flair along borders. The Hegemony itself is rife with power struggles and backstabbings, as the each of the rulers of the four city-states vies for the High Throne.</p>\n<p>In some parts of the world, things are much simpler, yet every bit as brutal. A group of adventurers answers the calls for help that come from the small village of Vel Urso. Vel Urso is only on the map at all due to their ability to trade goods with the Elven Kingdom of Aefen’Fel. The proximity, and relaxed racial judgements means that you will see a wide variety of races and cultures in a very small area.</p>"
}