{
  "title": "Faerun",
  "id": "faerun",
  "system": "dnd5e",
  "background": "https://assets.forge-vtt.com/63d172b145f3446cd6e46079/Sword-Coast-Map_HighRes.jpg",
  "joinTheme": "minimal",
  "nextSession": "2023-08-16T00:00:00.000Z",
  "description": "<p>An adventuring party sees the kingdom!</p>",
  "coreVersion": "11.307",
  "compatibility": {
    "minimum": "11",
    "verified": "11"
  },
  "systemVersion": "2.3.0",
  "lastPlayed": "Fri Oct 13 2023 03:22:08 GMT+0000 (Coordinated Universal Time)",
  "playtime": 5881
}