{
  "id": "a-mad-season",
  "title": "A Mad Season",
  "description": "<p>Aefen’Fel is a world divided: Elves have retreated from the rest of the races, and with the rise of The Hegemony, human influence grows. Humans and many of the other races seem poised for war, as tensions continue to flair along borders. The Hegemony itself is rife with power struggles and backstabbings, as the each of the rulers of the four city-states vies for the High Throne.</p><p>In some parts of the world, things are much simpler, yet every bit as brutal. A group of adventurers answers the calls for help that come from the small village of Vel Urso. Vel Urso is only on the map at all due to their ability to trade goods with the Elven Kingdom of Aefen’Fel. The proximity, and relaxed racial judgements means that you will see a wide variety of races and cultures in a very small area.</p>",
  "version": "1.0.0",
  "manifest": "",
  "background": "https://assets.forge-vtt.com/63d172b145f3446cd6e46079/Game%20Banners/VelUrso.jpg",
  "system": "pf2e",
  "coreVersion": "11.313",
  "systemVersion": "5.7.4",
  "compatibility": {
    "minimum": "11.313",
    "verified": "11"
  },
  "lastPlayed": "Wed Nov 01 2023 20:06:29 GMT+0000 (Coordinated Universal Time)",
  "packs": [
    {
      "name": "custom-pf2e-journals",
      "label": "Custom PF2e Journals",
      "banner": "systems/pf2e/assets/compendium-banner/orange.webp",
      "path": "packs/custom-pf2e-journals",
      "type": "JournalEntry",
      "system": "pf2e",
      "ownership": {
        "PLAYER": "OBSERVER",
        "ASSISTANT": "OWNER"
      },
      "flags": {}
    },
    {
      "name": "custom-heritages",
      "label": "Custom Heritages",
      "banner": "systems/pf2e/assets/compendium-banner/green.webp",
      "path": "packs/custom-heritages",
      "type": "Item",
      "system": "pf2e",
      "ownership": {
        "PLAYER": "OBSERVER",
        "ASSISTANT": "OWNER"
      },
      "flags": {}
    },
    {
      "name": "custom-ancestries",
      "label": "Custom Ancestries",
      "banner": "systems/pf2e/assets/compendium-banner/green.webp",
      "path": "packs/custom-ancestries",
      "type": "Item",
      "system": "pf2e",
      "ownership": {
        "PLAYER": "OBSERVER",
        "ASSISTANT": "OWNER"
      },
      "flags": {}
    },
    {
      "name": "custom-ancestry-features",
      "label": "Custom Ancestry Features",
      "banner": "systems/pf2e/assets/compendium-banner/green.webp",
      "path": "packs/custom-ancestry-features",
      "type": "Item",
      "system": "pf2e",
      "ownership": {
        "PLAYER": "OBSERVER",
        "ASSISTANT": "OWNER"
      },
      "flags": {}
    }
  ],
  "joinTheme": "default"
}